 glacial,Unnamed: 1,Unnamed: 2,Unnamed: 3,Unnamed: 4,Unnamed: 5,Unnamed: 6,Unnamed: 7,Unnamed: 8,Unnamed: 9,Unnamed: 10,Unnamed: 11,Unnamed: 12
,REREAGENTES LIQUIDOS,,,,,,,,,,,
CONDIÇÕES,CÓDIGO,NOME DO PRODUTO,EMPRESA,VOLUME,OCORRÊNCIA,DATA,ESTOQUE FECHADO,ESTOQUE ABERTO (RETIRADA),VISTO,DATA DA VERIFICAÇÃO,LOCAL FORA DO ARMÁRIO,OBSERVAÇÃO-Volume usado
A,,,,,,,,,,,,Armário de controlados para uso
,11332775,ÁCIDO ALFACETOGLUTÁRICO,ROCHE,80g,SAIDA,,,,False,,,Gasto (24/07/23)
ESTOQUE CONFORTAVEL,1271,ÁCIDO FOSFÓRICO,DINÂMICA,1L,SAIDA,,1,0,False,,,
ESTOQUE CONFORTAVEL,145,,VETEC,1L,SAIDA,,0,1,True,2025-03-06 00:00:00,P27 E P28,
ESTOQUE CONFORTAVEL,85,,NUCLEAR,1L,SAIDA,,2,0,True,2025-03-06 00:00:00,P27 E P28,
ESTOQUE CONFORTAVEL,0,,IMPEX,1L,SAIDA,,0,1,True,2025-03-06 00:00:00,P27 e P28,
ESTOQUE CONFORTAVEL,AF09589RA,,EXODO,1L,,,1,0,True,2025-03-06 00:00:00,P27 e P28,
ESTOQUE CONFORTAVEL,CAS: 123-51-3,ÁLCOOL ISOAMÍLICO (3-metil-1-butanol),FMAIA,1L,SAIDA,,0,1,False,,LBM I (R29/R30),
ESTOQUE CONFORTAVEL,,ALCOOL ETILICO ,SULALCOOL,1L,ENTRADA,2025-02-05 00:00:00,36,0,True,2025-02-05 00:00:00,LBM I (R29/R30),
ESTOQUE CONFORTAVEL,CAS:64175,,DINÂMICA,1L,,,5,1,True,2025-02-25 00:00:00,SALA DO AKITA ARMARIO P30,
,,,EXODO,1L,,2025-02-25 00:00:00,1,0,True,2025-02-25 00:00:00,SALA DO AKITA ARMARIO P30,
ESTOQUE CONFORTAVEL,,ALCOOL ETILICO  (GEL 70%),CLEARNNER GEL,1L,ENTRADA,2025-02-10 00:00:00,47,0,True,2025-02-10 00:00:00,SALA DO AKITA ARMARIO 32,
ESTOQUE CONFORTAVEL,W205702-1Kg,,SIGMA,1Kg,SAIDA,,0,1,False,,LBM I (R29/R30),
ESTOQUE CONFORTAVEL,448,ÁCIDO LÁTICO,VETEC,1L ,SAIDA,,1,1,True,2025-03-06 00:00:00,P27 e P28,
ESTOQUE CONFORTAVEL,124,,PRO ANALYSIS,1L,SAIDA,,1,0,True,2025-03-06 00:00:00,P27 e P28,
ESTOQUE CONFORTAVEL,232,ÁCIDO ORTOFOSFÓRICO,NEON,1L,SAIDA,,0,1,True,2025-03-06 00:00:00,P27 e P28,
,AF09589BA,,ÊXODO,1L,SAIDA,,1,0,False,,P27 e P28,
ESTOQUE CONFORTAVEL,A1064.06.BJ,ÁCIDO TIOGLICOLICO PURO,SYNTH,1 L,SAIDA,,0,1,True,2025-03-06 00:00:00,P27 e P28,
ESTOQUE CONFORTAVEL,V000154,ACIDO CLORIDRICO,VETEC,1L,SAIDA,,0,1,False,,"Controlado PF Armário A 3,4 e 5",10 mL
ESTOQUE CONFORTAVEL,FMA00001120901000,,FMAIA,1L,SAIDA,,0,1,False,,"Controlado PF Armário A 3,4 e 5",
ESTOQUE CONFORTAVEL,1028,,SYNTH,1L,SAIDA,,1,1,False,,"Controlado PF Armário A 3,4 e 5",
ESTOQUE CONFORTAVEL,35776,,-,1L,SAIDA,,0,1,True,2024-10-11 00:00:00,"Controlado PF Armário A 3,4 e 6",
,W1001-500,ÁGUA NUCLEASE FREE,ZYMO Research ,500 mL,SAIDA,,3,0,False,,LBM I (R29/R30),
ESTOQUE MODERADO,1509,ANIDRIDO ACÉTICO,VETEC,1 L,SAIDA,,0,1,True,2024-10-09 00:00:00,"Controlado PF Armário A 3,4 e 5",
ESTOQUE CONFORTAVEL,187,ACETONA,VETEC,1L,SAIDA,,9,1,True,2024-10-09 00:00:00,"Controlado PF Armário A 3,4 e 5",30 mL
ESTOQUE CONFORTAVEL,67641,,CRQ,1L,ENTRADA,2024-10-16 00:00:00,72,0,True,2024-10-16 00:00:00,Controlado PF Armário P29 (SALA DO AKTA),
ESTOQUE CONFORTAVEL,67641,,EXODO,1L,ENTRADA,2024-10-16 00:00:00,1,0,True,2025-02-25 00:00:00,SALA DO AKITA  ARMARIO 31,
ESTOQUE CONFORTAVEL,9187,,SIGMA,1L,ENTRADA,2024-11-06 00:00:00,,1,True,2024-11-06 00:00:00,BANCADA DO LBM 1 - ,
ESTOQUE CONFORTAVEL,RVN)329,ACETONA PA ACS,Química Moderna,1L,SAIDA,,0,1,True,2025-03-06 00:00:00,P27 e P28,
,187,,VETEC,4L,SAIDA,,3,0,False,,P27 e P28,
ESTOQUE CONFORTAVEL,B9643,ACIDO BICINCONINICO,SIGMA,1L,SAIDA,,0,1,True,2025-03-06 00:00:00,P27 e P28,
ESTOQUE CONFORTAVEL,191,ACIDO NITRICO,VETEC,1L,SAIDA,,0,1,True,2025-03-06 00:00:00,P27 e P28,
ESTOQUE CONFORTAVEL,7697372,,IMPEX,1L,SAIDA,,1,0,True,2025-03-06 00:00:00,P27 e P28,
ESTOQUE CONFORTAVEL,84378,,SIGMA,1L,SAIDA,,3,0,True,2025-03-06 00:00:00,P27 e P28,
ESTOQUE CONFORTAVEL,1060,ACIDO SULFURICO,SYNTH,1L,SAIDA,,2,0,True,2024-10-11 00:00:00,"Controlado PF Armário A 3,4 e 5",
ESTOQUE CONFORTAVEL,A106001BJ,,SYNTH,1L,SAIDA,,0,1,True,2024-10-11 00:00:00,"Controlado PF Armário A 3,4 e 6",
ESTOQUE CONFORTAVEL,2629,,NEON,1L,SAIDA,,2,0,True,2024-10-11 00:00:00,"Controlado PF Armário A 3,4 e 5",
ESTOQUE CONFORTAVEL,-,,VETEC,1L,SAIDA,,0,1,True,2024-10-11 00:00:00,"Controlado PF Armário A 3,4 e 5",
ESTOQUE CONFORTAVEL,5438270250,ACIDO SUFURICO 98%,SULPECO,250ML,ENTRADA,,1,0,True,2025-02-10 00:00:00,SALA DO AKITA ARMARIO 33,
ESTOQUE CONFORTAVEL,AS04400RA,,EXODO,1L,ENTRADA,2024-10-16 00:00:00,8,0,True,2024-10-16 00:00:00,"Controlado PF Armário A 3,4 e 6",
,,ACIDO TRICLOACETICO (TFA),,,SAIDA,,0,1,False,,CAPELA DE EXAUSTÃO - LBM II,
,, ,FMAIA,1L,SAIDA,,1,0,False,,"Controlado PF Armário A 3,4 e 5",
,R0100411000,,CRQ,1L,SAIDA,,19,0,False,,"Controlado PF Armário A 3,4 e 5",
,,,FARMAPUR,1L,SAIDA,,2,0,False,,"Controlado PF Armário A 3,4 e 5","28,55 mL"
,,,DINÂMICA,1L,SAIDA,,1,0,False,,"Controlado PF Armário A 3,4 e 5",
ESTOQUE MODERADO,236,ACETATO DE ETILA,VETEC,100mL,SAIDA,,0,1,True,2024-10-11 00:00:00,"Controlado PF Armário A 3,4 e 5",
ESTOQUE MODERADO,AE09827RA,ACETATO DE ETILA,EXODO,1L,SAIDA,,0,1,True,2024-10-11 00:00:00,"Controlado PF Armário A  3,4 e 5",(0bservação: foi aberto 10/08/2018) - 30 mL
ESTOQUE CONFORTAVEL,R2801021,ACETONITRILA,SIGMA,1L,SAIDA,,1,1,False,,P29,
ESTOQUE BAIXO,75058,,CRQ,1L,,,0,1,True,2025-02-12 00:00:00,SALA DO AKITA ARMARIO 33,
ESTOQUE CONFORTAVEL,F0507,ACIDO FORMICO,SIGMA,500ML,SAIDA,,1,1,True,2024-10-18 00:00:00,Controlado PF (GELADEIRA 5 PRATI.2/PORTA),
,ALIQUOTADO,,ALIQUOTADO,,SAIDA,,0,1,False,,"Controlado PF Armário A  3,4 e 5",
ESTOQUE CONFORTAVEL,,ALCOOL ETILICO 70%,SULALCOOL,1L,SAIDA,,24,1,True,2024-09-16 00:00:00,,
ESTOQUE CONFORTAVEL,103,ALCOOL ETILICO 90%,VETEC,1L,SAIDA,,0,1,True,2024-11-08 00:00:00,BANCADA DO LBMI - A,
ESTOQUE CONFORTAVEL,A09948RA,ACETONITRILA PAACS,EXODO,1L,SAIDA,,1,0,True,, SALA DO AKITA/P29,
ESTOQUE CONFORTAVEL,RO100411000,ACIDO ACETICO GLACIAL,CRQ,1L,SAIDA,,13,0,True,2024-10-09 00:00:00,"Controlado PF Armário A  3,4 e 5",
,11518,ACIDO ACETICO GLACIAL,FARMAPUR,1,SAIDA,,1,0,True,2024-10-09 00:00:00,"Controlado PF Armário A  3,4 e 5",
ESTOQUE CONFORTAVEL,CAS 64197,"ACIDO ACETICO GLACIAL 99,5%",CRQ,1L,SAIDA,,1,0,True,2025-02-10 00:00:00,SALA AKITA P29,
,9256,ACIDO ACETICO GLACIAL,DINÂMICA,1L,SAIDA,,1,0,True,2024-10-09 00:00:00,"Controlado PF Armário A  3,4 e 6",
ESTOQUE CONFORTAVEL,CAS67561,"MATHANOL HPLC 99,9%",SIGMA,"2,5L",SAIDA,,2,0,True,2025-02-13 00:00:00,SALA DO AKITA ARMARIO P34,
,,,,,,,,,False,,,
ESTOQUE CONFORTAVEL,CAS67641,ACETONA HPLC PLUS,EXODO,1L,SAIDA,,4,1,True,2024-10-11 00:00:00,"Controlado PF Armário A  3,4 e 6",
ESTOQUE CONFORTAVEL,,,DINÂMICA,1L,SAIDA,,15,0,True,2024-10-11 00:00:00,"Controlado PF Armário A  3,4 e 7",PARA ESPECTROSCOPIA
ESTOQUE CONFORTAVEL,A102801BJ,ACIDO CLORIDRICO,SYNTH,1L,SAIDA,,1,0,True,2024-10-11 00:00:00,"Controlado PF Armário A  3,4 e 8",
ESTOQUE CONFORTAVEL,VOOO154,,VETEC,1L,SAIDA,,0,1,True,2024-10-11 00:00:00,"Controlado PF Armário A  3,4 e 9",
ESTOQUE CONFORTAVEL,7647010,,NEON,1L,ENTRADA,2024-11-07 00:00:00,2,0,True,2024-11-07 00:00:00,"Controlado PF Armário A  3,4 e 10",CONTROLADO PELA FACEV
ESTOQUE CONFORTAVEL,A106001 BJ,ÁCIDO SULFURICO,SYNTH,1L,SAIDA,,0,1,True,2024-10-11 00:00:00,"Controlado PF Armário A  3,4 e 10",
ESTOQUE CONFORTAVEL,,,,1L,ENTRADA,,0,6,True,2024-10-17 00:00:00,"Controlado PF Armário A  3,4 e 11",
ESTOQUE MODERADO,75058,ACETONITRITE,SIGMA,1L,,2025-02-10 00:00:00,0,1,True,2025-02-10 00:00:00,SALA DO AKITA P32,
ESTOQUE CONFORTAVEL,31149,ACIDO DEOXIRRION,SIGMA,1L,,,0,1,True,2024-10-18 00:00:00,GELADEIRA 5(PRAT-2/PORTA),
,-,AMBIC,,1MM,,,0,1,True,2024-10-30 00:00:00,GELADEIRA 5(PRAT-3/PORTA),
ESTOQUE CONFORTAVEL,691631,ALCOOL ISOPROPILICO HPLC,ANIDROS,1L,,2025-02-10 00:00:00,1,0,True,2025-02-10 00:00:00,SALA DO AKITA ARMARIO P33,
ESTOQUE CONFORTAVEL,67630,ALCOOL ISOPROPILICO HPLC,DINAMICA,1L,,,8,1,True,2025-02-13 00:00:00,SALA DO AKITA ARMARIO P34,
ESTOQUE CONFORTAVEL,,ALCOOL ISOPROPILICO HPLC,CRQ,1L,,2025-02-25 00:00:00,20,0,True,2025-02-25 00:00:00,SALA DO AKITA ARMARIO 30,
ESTOQUE CONFORTAVEL,67561,ALCOOL METILICO ACS,EXODO,1L,,2025-02-10 00:00:00,9,0,True,2025-02-10 00:00:00,SALA DO AKITA ARMARIO P33,
ESTOQUE CONFORTAVEL,67561,ALCOOL METILICO ACS,FMAIA,1L,,2025-02-13 00:00:00,6,0,True,2025-02-13 00:00:00,SALA DO AKITA ARMARIO 31,
ESTOQUE CONFORTAVEL,67561,ALCOOL METILICO ACS,CRQ,1L,,,6,0,True,2025-02-13 00:00:00,SALA DO AKITA ARMARIO 31,
,V000102,ALCOOL METILICO ACS,VETEC,1L,,,2,0,True,2025-02-13 00:00:00,SALA DO AKITA ARMARIO 31,
B,,,,,,,,,,,,
ESTOQUE CONFORTAVEL,244,BUTANOL,VETEC,1L,,,3,1,True,2025-02-25 00:00:00,SALA DO AKITA ARMARIO P30,
ESTOQUE CONFORTAVEL,A1077.01.BJ,ALCOOL (N) BUTÍLICO,SYNTH,1 L,,,1,0,True,2025-02-25 00:00:00,SALA DO AKITA ARMARIO P30,
ESTOQUE CONFORTAVEL,B5658,"BUFFER, PH 10,5 FOR SATURATED PHENOL",SIGMA,1EA,,,0,2,True,2024-10-18 00:00:00,GELADEIRA 5(PRAT-2/PORTA),
ESTOQUE CONFORTAVEL,-,BUFFER RLC ,-,18ML,,,0,2,True,2024-10-30 00:00:00,GELADEIRA 5(PRAT-3/PORTA),MATEUS 13
ESTOQUE CONFORTAVEL,-,NEUTRALIZATION BUFFER,CELLCO,,,,0,1,True,2024-10-30 00:00:00,GELADEIRA 5(PRAT-3/PORTA),LUCIANO
C,,,,,,,,,,,,
ESTOQUE CONFORTAVEL,322111,CLOROFORMIO,SIGMA,1L,,,1,0,True,2024-10-11 00:00:00,"Controlado PF Armário A 3,4 e 5",
,,,FMAIA,1L,,,1,0,False,,"Controlado PF Armário A 3,4 e 5",
,192,,VETEC,1L,,,0,1,False,,"Controlado PF Armário A 3,4 e 5",
SEM ESTOQUE,67663,,SIGMA,25ML,ENTRADA,2025-02-06 00:00:00,0,1,True,2025-02-06 00:00:00,GELADEIRA 5(PRAT-2/PORTA),
ESTOQUE CONFORTAVEL,1024441000,,MERCK,1L,,,1,0,True,2024-10-11 00:00:00,"Controlado PF Armário A 3,4 e 6",
ESTOQUE CONFORTAVEL,C2730,CELLUASE FROM TRICHODERMA REESEI,SIGMA,50ML,,,0,1,True,2024-10-18 00:00:00,GELADEIRA 5(PRAT-2/PORTA),
ESTOQUE CONFORTAVEL,C6105,CELLOBIOSE,SIGMA,50ML,,,0,1,True,2024-10-18 00:00:00,GELADEIRA 5(PRAT-2/PORTA),
ESTOQUE CONFORTAVEL,CS105,CELLOBIASE FROM ASPERGILLUS,SIGMA,50ML,,,0,1,True,2024-10-18 00:00:00,GELADEIRA 5(PRAT-2/PORTA),
ESTOQUE CONFORTAVEL,,CELOBIASE,SIGMA,500ML,,,0,5,True,2024-10-18 00:00:00,GELADEIRA 5(PRAT-2/PORTA),
D,,,,,,,,,,,,
,311726,DIETANOLAMINA,NUCLEAR,1 L,,,1,1,True,2024-10-09 00:00:00,"Controlado PF Armário A 3,4 e 5",
ESTOQUE CONFORTAVEL,D1011.01.BJ,DIMETILSULFÓXIDO (DMSO),SYNTH,100mL,,,2,0,True,2025-02-10 00:00:00,SALA DO AKITA ARMARIO P32,
ESTOQUE MODERADO,BP-231-100,,FISHER BIOREAGENTS,100mL,,,0,1,True,2025-02-10 00:00:00,SALA DO AKITA ARMARIO P32,
ESTOQUE MODERADO,67665,,SIGMA,100ML,,,0,1,True,2025-02-10 00:00:00,SALA DO AKITA ARMARIO P32,
ESTOQUE CONFORTAVEL,3014,,NEON,1L,,,0,1,True,2024-11-06 00:00:00,BANCADA LBM I (LETRA D),
ESTOQUE CONFORTAVEL,3014,,NEON,1L,,,1,0,False,,P32,
,2550,,SIGMA,100ML,,,0,1,False,,P32,
ESTOQUE CONFORTAVEL,RVN04824,,Anidrol,1L,,,1L,0,True,2025-02-10 00:00:00,SALA DO AKITA ARMARIO P32,
,113190,DIMETILFORMAMIDA,FMAIA,1L,,,1,0,False,,"Controlado PF Armário A 3,4 e 5",
ESTOQUE CONFORTAVEL,184,,VETEC,1L,,,1,0,True,2024-10-09 00:00:00,"Controlado PF Armário A 3,4 e 5",
,100901,,SYNTH,1L,,,0,1,False,,"Controlado PF Armário A 3,4 e 5",
,413190,,MGOLD,500ML,,,0,2,False,,"Controlado PF Armário A 3,4 e 5",
,1580,,DINAMICA,1L,,,2,0,False,,"Controlado PF Armário A 3,4 e 5",
,464,,AMERESCO,500ML,,,0,1,False,,"Controlado PF Armário A 3,4 e 5",
ESTOQUE CONFORTAVEL,2591,DICLOROFLUORESCEIN SOLUTION,SIGMA,500ML,,,1,0,True,2025-02-07 00:00:00,SALA DO AKITA ARMARIO P32,
,,DA10X BUFFER,,,,,0,1,True,2024-10-18 00:00:00,GELADEIRA 5(PRAT-2/PORTA),
,E174,DIETHYLPYROCARBONATE,AMARESCO,25G,,,0,1,True,2024-10-18 00:00:00,GELADEIRA 5(PRAT-2/PORTA),
,15220,,ADRICH,25G,,,1,0,True,2025-03-10 00:00:00,GELADEIRA  5  PRATEEIRA 1.,
ESTOQUE CONFORTAVEL,RVN10700,DICHLOMETHANE,CIENTIFICA,1L,,,1,0,True,2025-02-10 00:00:00,SALA DO AKITA ARMARIO P32,
,,,,,,,,,False,,,
E,,,,,,,,,,,,
,"1,00983,2511",ETANOL Absoluto p Biologia Molecular,SIGMA- Merck,"2,5L",,,0,1,False,,R29/R30,
,AE09598,,EXODO,1L,,,1,0,False,,P30,
,641715,,DINAMICA,1L,,,8,0,False,,P30,
ESTOQUE MODERADO,E1017.01.BJ,ÉTER ETILICO,SYNTH,1 L,,,0,1,True,2024-10-09 00:00:00,"Controlado A Armário PF 3, 4 e 5",
ESTOQUE CONFORTAVEL,1346,ÉTER DE PETRÓLEO,VETEC,1L,,,6,,False,,P29,
ESTOQUE CONFORTAVEL,,ETILENOGLICOL REAGENTES P.A,ACS,1L,,,1,0,True,2024-10-09 00:00:00,"Controlado A Armário PF 3, 4 e 5",
ESTOQUE CONFORTAVEL,E1260,ELASTASE,SIGMA,10MG,,,0,1,True,2024-10-18 00:00:00,GELADEIRA 5(PRAT-2/PORTA),
ESTOQUE CONFORTAVEL,,FUNGIROX,UCI-FARMA,10MG,,,0,1,True,2024-10-18 00:00:00,GELADEIRA 5(PRAT-2/PORTA),
ESTOQUE CONFORTAVEL,107553,EXTRAN DETERGENTE MA 02 NETRO,MERCK,100M,SAIDA,,3,0,True,2024-11-08 00:00:00,BANCADA DO LBMI (LETRA E),
,,ETANOL 70% ,,,,,0,1,True,2024-11-11 00:00:00,BANCADA DO LBMI (LETRA E),ANANDA
F,,,,,,,,,,,,
ESTOQUE CONFORTAVEL,B000387,FENOL,VETEC,500g,,,1,0,True,2025-03-06 00:00:00,P27 e P28,
ESTOQUE CONFORTAVEL,108952,FENOL,FMAIA,1L,,,1,0,True,2025-03-06 00:00:00,P27 e P28,
ESTOQUE CONFORTAVEL,25128,FENOL,CARLO ERBA,1L,,,1,0,True,2025-03-06 00:00:00,P27 e P28,
ESTOQUE CONFORTAVEL,F104308,,SYNTH,1L,,,0,1,True,2025-03-10 00:00:00,GELADEIRA 5 PRATELEIRA 2,
,E357,,AMARESO,500 ML,,,0,1,True,2025-03-10 00:00:00,GELADEIRA 5 PRATELEIRA 2,
ESTOQUE CONFORTAVEL,387,,VETEC,250g,,,0,1,True,2025-03-06 00:00:00,P27 e P28,
ESTOQUE CONFORTAVEL,1040031000,FORMALDEÍDO,MERCK,1L,,,1,0,True,2025-02-07 00:00:00,SALA DO AKITA ARMARIO P32,
,,FORMALDEÍDO,CHEMICALS,1L,,,3,1,False,,P32,
ESTOQUE CONFORTAVEL,311769,FORMALDEÍDO,NUCLEAR,1 L,,,0,1,True,2025-02-07 00:00:00,SALA DO AKITA ARMÁRIO P32,
ESTOQUE MODERADO,8775,FORMALDEÍDO,SIGMA,500 mL,,,0,1,True,2025-02-07 00:00:00,SALA DO AKITA ARMÁRIO P32,
ESTOQUE CONFORTAVEL,48080,2-FURALDEÍDO,FLUKA,1L,,,1,0,True,2025-02-07 00:00:00,SALA DO AKITA ARMÁRIO P32,
ESTOQUE CONFORTAVEL,F5506,FREUND ,SIGMA,10ML,,,1,0,True,2024-10-18 00:00:00,GELADEIRA 5(PRAT-2/PORTA),
ESTOQUE CONFORTAVEL,185914,FURFURAL ,SIGMA,100ML,,,1,0,True,2025-02-10 00:00:00,SALA DO AKITA  P34,PROFESSOR LUCIANO
G,,,,,,,,,,,,
ESTOQUE CONFORTAVEL,V000123,GLICERINA (GLICEROL),VETEC,1L,,,4,0,True,2024-10-14 00:00:00,P32 E BANCADA LBMII-G,
ESTOQUE CONFORTAVEL,56815,GLICERINA (GLICEROL),CIAVICCO,1L,,,5,0,True,2025-02-10 00:00:00,SALA DO AKITA P32 ,
ESTOQUE CONFORTAVEL,629,GLICERINA (GLICEROL),IMPEX,1L,,,0,1,True,2024-11-08 00:00:00,BANCADA LBM I (LETRA G),
ESTOQUE CONFORTAVEL,8071000,GLICERINA (GLICEROL),ACS,1L,,,0,1,False,,BANCADA LBM I,
ESTOQUE CONFORTAVEL,2408019,GLICERINA (GLICEROL),PROC9,1L,,,19,0,True,2024-09-09 00:00:00,SALA DO AKITA P32 ,
ESTOQUE CONFORTAVEL,P100537,GLICERINA (GLICEROL),DINAMICA,1L,,,0,1,True,2024-11-08 00:00:00,BANCADA DO LBM I (LETRA G),
ESTOQUE CONFORTAVEL,C9232,GLICERINA (GLICEROL),VETEC,1L,,,1,0,True,2025-02-10 00:00:00,SALA DO AKITA P32 ,
ESTOQUE CONFORTAVEL,629,GLICERINA (GLICEROL),IMPEX,1L,,,1,0,True,2025-02-10 00:00:00,SALA DO AKITA P32 ,
ESTOQUE CONFORTAVEL,17132301,GLYCINE,PLUSONE,1L,,,0,1,True,2024-11-08 00:00:00,BANCADA DO LBM I (LETRA G),
ESTOQUE CONFORTAVEL,G8773,,SIGMA,1L,,,1,0,False,,P32,
ESTOQUE CONFORTAVEL,G8773,GLICEROL (P/ BIOMOL),SIGMA,1L,,,1,0,True,2025-02-10 00:00:00,SALA DO AKITA ARMÁRIO P32,
ESTOQUE CONFORTAVEL,6403,GLUTARALDEÍDO,SIGMA,500ML,,,1,0,True,2025-02-07 00:00:00,SALA DO AKITA ARMÁRIO P32,
ESTOQUE CONFORTAVEL,302,GLUTARALDEÍDO 25% EM ÁGUA,DINAMICA,1L,,,1,0,True,2025-02-07 00:00:00,SALA DO AKITA ARMÁRIO P32,
ESTOQUE CONFORTAVEL,G5502,GUAIACOL,SIGMA,100mL,,,0,1,True,2025-02-25 00:00:00,SALA DO AKITA ARMARIO P30,
ESTOQUE CONFORTAVEL,G5502,,SIGMA,250mL,,,0,1,True,2025-02-25 00:00:00,SALA DO AKITA ARMARIO P30,
ESTOQUE CONFORTAVEL,G4251,GLUTATIONA CRISTALIZADA EM FORMA REDUZIDA .=99%,SIGMA,10G,,,0,1,True,2024-10-18 00:00:00,GELADEIRA 5 (PRAT-2/PORTA),
ESTOQUE MODERADO,,GLICEROL,-,-,,,0,1,True,2024-10-19 00:00:00,GELADEIRA 5 (PRAT-2/PORTA),
H,,,,,,,,,,,,
,H1007.01.BJ,HEXANO,SYNTH,1L,,,,,False,,,
ESTOQUE CONFORTAVEL,110543,HEXANO ( MISTURAS DE ISOMEROS),EXODO,2L,ENTRADA,2025-01-22 00:00:00,2L,0,True,2025-01-22 00:00:00,SALA AKITA ARMARIO P34,
ESTOQUE MODERADO,300,HIDROXIDO DE AMONIO,ECIBRA,1L,,,0,1,True,2024-10-09 00:00:00,"Controlado A Armário PF 3,4 e 5",
ESTOQUE CONFORTAVEL,,HIDROXIDO (12%),,1L,,,1,0,False,,Armário Vinícius ,
ESTOQUE CONFORTAVEL,H075579RA,HEPATANO P.A (MISTURAS DE ISOMEROS),EXODO,1L,,,0,1,True,2024-10-09 00:00:00,"Controlado A Armário PF 3,4 e 5",
,,HAPHB,,,,,,,True,2024-10-30 00:00:00,GELADEIRA 5(PRAT.3/PORTA),SOLUÇÃO PREPARADA (THAYS)
ESTOQUE MODERADO,1310732,HIDROXIDO DE SÓDIO,MICROPEROLAS,25G,,,0,1,True,2024-11-08 00:00:00,BANCADA DO LBM I (LETRA H),
ESTOQUE MODERADO,H3784,HEPES SODIUM SALT,ANIDROL,100G,,,0,1,True,2024-11-08 00:00:00,BANCADA DO LBM I (LETRA H),
I,,,,,,,,,,,,
ESTOQUE CONFORTAVEL,443,ISOPROPANOL,NEON,5 L,,,0,1,False,,P30,
ESTOQUE CONFORTAVEL,67630,,DINAMICA,1L,,,27,,False,,P30,
ESTOQUE CONFORTAVEL,26172554,ISOTIALINONAS,MICROCAVE,1000g,,,0,1,True,2025-02-07 00:00:00,SALA DO AKITA ARMÁRIO P32,
ESTOQUE CONFORTAVEL,L1149,IODOACETAMIDE,SIGMA,25G,,,0,1,True,2024-10-18 00:00:00,GELADEIRA 5 (PRAT-2/PORTA),
ESTOQUE CONFORTAVEL,1555,IMIDAZOL,ANIDROL,100G,,,0,1,True,2024-11-08 00:00:00,BANCADA DO LBM I (LETRA I),
ESTOQUE CONFORTAVEL,L8377,IODONITROTETRAZOLIUM,SIGMA,250MG,,,0,1,True,2024-10-18 00:00:00,GELADEIRA 5 (PRAT-2/PORTA),
J,,,,,,,,,,,,
,,,,,,,,,,,,
K,,,,,,,,,,,,
ESTOQUE CONFORTAVEL,-,KIT DE MINIPREP (BECOIM1 + RNA),,,,,0,1,True,2024-10-18 00:00:00,GELADEIRA 5 (PRAT-2/PORTA),
L,,,,,,,,,,,,
ESTOQUE CONFORTAVEL,SAE0050,LACSE DE ASPERGILLUS  SP,,,,,0,1,True,2024-10-18 00:00:00,GELADEIRA 5(PRAT-01/PORTA),
ESTOQUE CONFORTAVEL,1307,LUGOL PARA GRAM,NEWPROW,1L,,,0,1,True,2024-11-11 00:00:00,BANCADA LBM I (LETRA L),
ESTOQUE CONFORTAVEL,-,"LUGOL PARA GRAM 2% KI, 1% i2",-,100ML,,,0,1,True,2024-11-11 00:00:00,BANCADA LBM I (LETRA L),
,-,LUGOL FRACO 1%,-,-,,,0,1,True,2024-11-11 00:00:00,BANCADA LBM I (LETRA L),
ESTOQUE CONFORTAVEL,-,R(+) LIMONENO,-,250ML,,,0,1,True,2025-02-13 00:00:00,SALA DO AKITA ARMARIO P31,
M,,,,,,,,,,,,
ESTOQUE CONFORTAVEL,590,2-MERCAPTOETANOL,VETEC,250ML,,,0,2,True,2025-02-07 00:00:00,SALA DO AKITA ARMÁRIO P32,
,2826,,NEON,250ML,,,1,0,False,,P32,
,M3148,2-MERCAPTOETHANOL,SIGMA,100ML,,,1,0,True,2024-02-07 00:00:00,SALA DO AKITA ARMÁRIO P32,
,67561,ALCOOL METILICO ,EXODO,1L,,,0,1,True,2025-02-12 00:00:00,SALA DO AKITA ARMARIO 34,
,67561,ALCOOL METILICO ,EXODO,1L,,,12,0,False,,P31,
,67561,ALCOOL METILICO ,CRQ,1L,,,12,1,False,,P31,
,67561,ALCOOL METILICO ,QUIMICA MODERNA,1L,,,5,0,False,,P31,
ESTOQUE CONFORTAVEL,31490,ALCOOL METILICO ,SYNTH,1L,,,1,0,True,2025-02-25 00:00:00,SALA DO AKITA ARMARIO P31,
ESTOQUE CONFORTAVEL,4678,ALCOOL METILICO ,CHEMICO,1L,,,1,0,True,2025-02-25 00:00:00,SALA DO AKITA ARMARIO P31,
ESTOQUE CONFORTAVEL,170,ALCOOL METILICO ,QUIMEX,1L,,,2,0,True,2025-02-25 00:00:00,SALA DO AKITA ARMARIO P31,
ESTOQUE CONFORTAVEL,102,ALCOOL METILICO ,VETEC,5L,,,2,0,True,2025-02-25 00:00:00,SALA DO AKITA ARMARIO P31,
ESTOQUE CONFORTAVEL,-,ALCOOL METILICO ,ISOFAR,1L,,,1,0,True,2024-10-14 00:00:00,BANCADA LBMII - M,
ESTOQUE CONFORTAVEL,M5524,MISTURA SALINA BASAL DE MURASHIGE,SIGMA,10L,,,0,1,True,2024-10-18 00:00:00,GELADEIRA 5(PRAT-2/PORTA),ANANDA
ESTOQUE CONFORTAVEL,RVN07835,METHANOL,CIENTIFICA,1L,,,2,0,True,2025-02-12 00:00:00,SALA DO AKITA ARMÁRIO P33,
N,,,,,,,,,,,,
ESTOQUE CONFORTAVEL,CAS68122,"N,N-DIMETILFORMAMIDA P.A",DINÂMICA,1L,ENTRADA,,1,0,True,2024-10-09 00:00:00,"Controlado PF Armário A 3,4 e 5",
ESTOQUE CONFORTAVEL,CAS68122,"N,N-DIMETILFORMAMIDA P.A",AMARESCO,1L,SAIDA,2023-03-10 00:00:00,0,1,True,2024-10-09 00:00:00,"Controlado PF Armário A 3,4 e 6",
ESTOQUE CONFORTAVEL,D1009.01,"N,N-DIMETILFORMAMIDA P.A",SYNTH,1L,,,,,True,2024-10-09 00:00:00,"Controlado PF Armário A 3,4 e 7",
ESTOQUE CONFORTAVEL,2265,"N,N-DIMETILFORMAMIDA P.A",GOLD,500 ML,,,1,1,True,2024-10-09 00:00:00,"Controlado PF Armário A 3,4 e 8",
ESTOQUE CONFORTAVEL,1580,"N,N-DIMETILFORMAMIDA P.A",DINÂMICA,1L,,,1,0,True,2024-10-09 00:00:00,"Controlado PF Armário A 3,4 e 9",
ESTOQUE CONFORTAVEL,68122,"N,N-DIMETILFORMAMIDA P.A",FMAIA,1L,,,1,0,True,2024-10-09 00:00:00,"Controlado PF Armário A 3,4 e 10",
O,,,,,,,,,,,,
ESTOQUE CONFORTAVEL,8757,OFLOXACIN,SIGMA,1G,,,0,1,True,2024-10-17 00:00:00,GELADIERA 5(PRAT-01/PORTA),
,O4139,ORLISTAT,SIGMA,25G,,,0,1,True,2024-10-17 00:00:00,GELADIERA 5(PRAT-01/PORTA),
P,,,,,,,,,,,,
,,PERÓXIDO DE HIDROGÊNIO,LS Chemicals,1L,,,1,0,False,,DESSECADOR 1,
ESTOQUE CONFORTAVEL,194,,VETEC,1L,,,0,2,True,2024-10-16 00:00:00,DESSECADOR 1,
ESTOQUE CONFORTAVEL,1096341000,2-PROPANOL,EMSURE,1L,,,4,1,True,2025-02-13 00:00:00,SALA DO AKITA ARMARIO  P33,
,,2-PROPANOL,SIGMA,1L,,,1,0,True,2025-02-13 00:00:00,SALA DO AKITA ARMARIO  P33,
ESTOQUE CONFORTAVEL,,PURIFIED ANTI-TUBULIN (MOUSE IGM),BIOLEGEND,,,,0,1,True,2024-10-17 00:00:00,GELADEIRA 5(PRAT-O1/PORTA),
Q,,,,,,,,,,,,
,,,,,,,,,False,,,
R,,,,,,,,,,,,
,83931,RNAse AWAY,Sigma,250mL,,,0,1,False,,LBM I (R29/R30),
,R0901,RNA later,Sigma/Invitrogen,500mL,,,0,1,False,,LBM I (R29/R30),
,AM7020,,Invitrogen,100 mL,,,1,0,False,,LBM I (R29/R30),
PRODUTO ABERTO,-,R(+) LIMOSSELO (>93%),-,-,,,0,1,True,2024-10-16 00:00:00, BANCADA DO LBMII (LETRA -R),
S,,,,,,,,,,,,
ESTOQUE MODERADO,C2284,SULFATO DE COBRE II,SIGMA,25ML,,,0,1,True,2024-10-17 00:00:00,P27 e P28,
ESTOQUE MODERADO,,SALMONELLA POLIVALENTE SOMATICO,,3ML,,,0,1,True,2024-10-17 00:00:00,GELADEIRA 5 (PRAT-01/PORTA),
ESTOQUE CONFORTAVEL,A157D,SOLUÇÃO DE NEUTRALIZAÇÃO,,36ML,,,0,1,True,2024-10-30 00:00:00,GELADEIRA 5 (PRAT-03/PORTA),KIT EMBRAPA SOJA (NÃO USAR)
ESTOQUE BAIXO,B9018S,SOLUÇÃO DE ACETAMIDE,,10ML,,,0,1,True,2024-10-30 00:00:00,GELADEIRA 5 (PRAT-03/PORTA),
,1303964,SOLUÇÃO TAMPÃO (BUFFER),PERYFYL TECH,500 ML,,,0,1,True,2024-11-08 00:00:00,BANCADA DO LBMI (LETRA S),
,,,,,,,,,False,,,
T,,,,,,,,,,,,
ESTOQUE CONFORTAVEL,17077,THIODAN,HOESCHSP,1L,,,0,1,True,2025-03-06 00:00:00,P27 e P28,
ESTOQUE MODERADO,OX840.1000,TRIETANOLAMINA ,QUINEX,1L,,,0,1,True,2024-10-11 00:00:00,"Controlado PF Armário A 3,4 e 5",Aberto dia:11/10/23 - foi retirado 100ml. 
ESTOQUE CONFORTAVEL,X114,TRITON X-114,SIGMA ,100ML,,,0,1,True,2025-02-10 00:00:00,SALA DO AKITA ARMÁRIO P32,
,8787,TRITON X-100,SIGMA,100ML,,,0,1,False,,P32,
ESTOQUE CONFORTAVEL,22686,TRITON X-100,USB,500M,,,0,1,True,2025-02-07 00:00:00,SALA DO AKITA ARMÁRIO P32,
ESTOQUE MODERADO,X100,TRITON X-100,SIGMA,500ML,,,0,2,True,2025-02-10 00:00:00,SALA DO AKITA ARMÁRIO P32,
ESTOQUE CONFORTAVEL,108603,TRITON X-100,MERCK,1L,,,0,1,True,2024-12-01 00:00:00,SALA DO AKITA ARMÁRIO P32,
ESTOQUE CONFORTAVEL,8133,"TEMED (N,N,N,N-TRETAMETILETILENEDIAMINA)",SIGMA,100ML,,,0,1,True,2025-02-07 00:00:00,SALA DO AKITA ARMÁRIO P32,
,110189,,LUDWIG,50ML,,,0,1,False,,P32,
,K17704332,,MERCK,100ML,,,1,0,False,,P32,
ESTOQUE CONFORTAVEL,108431,TITRIPLEX,MERCK,1L,,,1,0,True,2025-02-07 00:00:00,SALA DO AKITA ARMÁRIO P32,
ESTOQUE CONFORTAVEL,1379,TWEEN 20,SIGMA,500ML,,,1,1,True,2025-02-07 00:00:00,SALA DO AKITA ARMÁRIO P32,
ESTOQUE CONFORTAVEL,P0748,TWEEN 20,SIGMA,500ML,,,0,1,True,2025-02-07 00:00:00,SALA DO AKITA ARMÁRIO P32,
ESTOQUE CONFORTAVEL,758,TWEEN 80,ISOFAR,1000ML,,,0,1,True,2025-02-07 00:00:00,SALA DO AKITA ARMÁRIO P32,
ESTOQUE MODERADO,T0440,TETRAMETHYLBENZIDINE ,SIGMA,100ML,,,0,1,True,2024-10-18 00:00:00,6,
ESTOQUE MODERADO,860336,TETRAMETILBENZIDINA 99+%,SIGMA,25G,,,0,1,True,2024-10-18 00:00:00,GELADEIRA 5(PRAT-2/PORTA),
,,TAMPÃO A (HCL),-,1MM,,,0,1,True,2024-10-30 00:00:00,GELADEIRA 5(PRAT-2/PORTA),
ESTOQUE CONFORTAVEL,60242,TIOGLICOL,NEON,250ML,,,0,1,True,2025-02-07 00:00:00,SALA DO AKITA ARMÁRIO P32,
U,,,,,,,,,,,,
,15513039,UTRAPRE PHENOL BUFFER,INVITROGEN,8ML,,,,2,True,2025-03-10 00:00:00,,
V,,,,,,,,,,,,
,,,,,,,,,False,,,
X,,,,,,,,,,,,
ESTOQUE CONFORTAVEL,,XILOL ,RIOLAB,1L,,,1,0,True,2025-02-25 00:00:00,SALA DO AKITA ARMARIO P30,
ESTOQUE CONFORTAVEL,X100101,,SYNTH,1L,,,1,0,True,2025-02-25 00:00:00,SALA DO AKITA ARMARIO P30,
,,,,,,,,,,,,
Y,,,,,,,,,,,,
,,,,,,,,,False,,,
Z,,,,,,,,,,,,
,,,,,,,,,False,,,
,,,,,,,,,False,,,
,,,,,,,,,False,,,
,,,,,,,,,False,,,
,,,,,,,,,False,,,
,,,,,,,,,False,,,
,,,,,,,,,False,,,
,,,,,,,,,False,,,
,,,,,,,,,False,,,
,,,,,,,,,False,,,
,,,,,,,,,False,,,
,,,,,,,,,False,,,
,,,,,,,,,False,,,
,,,,,,,,,False,,,
,,,,,,,,,False,,,
,,,,,,,,,False,,,
,,,,,,,,,False,,,
